Nomenclatura,Nombre,Balance(USD)
USD,Dólar,3137181.2615726204
EUR,Euro,1688190.3571223675
JPY,Yen Japonés,155.7957509313432
ARS,Peso Argentino,61.202734706127096
